team;home_team;home_goals;away_goals;away_team;game_type;year
Brazil;Brazil;0;3;Netherlands;3rd place;2014
Brazil;Brazil;1;7;Germany;semifinal;2014
Brazil;Brazil;2;1;Colombia;quaterfinal;2014
Brazil;Brazil;1;1;Chile;round of 16 ;2014
Brazil;Brazil;4;1;Cameroon;group A ;2014
Brazil;Brazil;0;0;Mexico;group A ;2014
Brazil;Brazil;3;1;Croatia;group A ;2014
Brazil;Brazil;1;2;Netherlands;quaterfinal;2010
Brazil;Brazil;3;0;Chile;round of 16 ;2010
Brazil;Brazil;0;0;Portugal;group G ;2010
Brazil;Brazil;3;1;C™te d'Ivoire;group G ;2010
Brazil;Brazil;2;1;North Korea;group G ;2010
Brazil;Brazil;0;1;France;quaterfinal;2006
Brazil;Brazil;3;0;Ghana;round of 16 ;2006
Brazil;Brazil;4;1;Japan;group F ;2006
Brazil;Australia;0;2;Brazil;group F ;2006
Brazil;Brazil;1;0;Croatia;group F ;2006
Brazil;Brazil;2;0;Germany;final;2002
Brazil;Brazil;1;0;Turkey;semifinal;2002
Brazil;Brazil;2;1;England;quaterfinal;2002
Brazil;Belgium;0;2;Brazil;round of 16 ;2002
Brazil;Brazil;5;2;Costa Rica;group C ;2002
Brazil;Brazil;4;0;China;group C ;2002
Brazil;Brazil;2;1;Turkey;group C ;2002
Brazil;Brazil;0;3;France;final;1998
Brazil;Brazil;1;1;Netherlands;semifinal;1998
Brazil;Brazil;3;2;Denmark;quaterfinal;1998
Brazil;Brazil;4;1;Chile;round of 16 ;1998
Brazil;Brazil;1;2;Norway;group A ;1998
Brazil;Brazil;3;0;Morocco;group A ;1998
Brazil;Brazil;2;1;Scotland;group A ;1998
Brazil;Brazil;0;0;Italy;final;1994
Brazil;Brazil;1;0;Sweden;semifinal;1994
Brazil;Brazil;3;2;Netherlands;quaterfinal;1994
Brazil;Brazil;1;0;United States;round of 16 ;1994
Brazil;Brazil;1;1;Sweden;group B ;1994
Brazil;Brazil;3;0;Cameroon;group B ;1994
Brazil;Brazil;2;0;Russia;group B ;1994
Brazil;Argentina;1;0;Brazil;round of 16 ;1990
Brazil;Brazil;1;0;Scotland;group C ;1990
Brazil;Brazil;1;0;Costa Rica;group C ;1990
Brazil;Brazil;2;1;Sweden;group C ;1990
Brazil;Brazil;1;1;France;quaterfinal;1986
Brazil;Brazil;4;0;Poland;round of 16 ;1986
Brazil;Brazil;3;0;Northern Ireland;group D ;1986
Brazil;Algeria;0;1;Brazil;group D ;1986
Brazil;Brazil;1;0;Spain;group D ;1986
Brazil;Brazil;2;3;Italy;group C ;1982
Brazil;Argentina;1;3;Brazil;group C ;1982
Brazil;Brazil;4;0;New Zealand;group 6;1982
Brazil;Brazil;4;1;Scotland;group 6;1982
Brazil;Brazil;2;1;U.S.S.R.;group 6;1982
Brazil;Brazil;2;1;Italy;;1978
Brazil;Brazil;3;1;Poland;group B ;1978
Brazil;Argentina;0;0;Brazil;group B ;1978
Brazil;Brazil;3;0;Peru;group B ;1978
Brazil;Austria;0;1;Brazil;group 3;1978
Brazil;Brazil;0;0;Spain;group 3;1978
Brazil;Brazil;1;1;Sweden;group 3;1978
Brazil;Brazil;0;1;Poland;;1974
Brazil;Brazil;0;2;Netherlands;group A ;1974
Brazil;Argentina;1;2;Brazil;group A ;1974
Brazil;Brazil;1;0;East Germany;group A ;1974
Brazil;Brazil;3;0;Zaire;;1974
Brazil;Brazil;0;0;Scotland;;1974
Brazil;Brazil;0;0;Yugoslavia;;1974
Brazil;Brazil;4;1;Italy;final;1970
Brazil;Brazil;3;1;Uruguay;semifinal;1970
Brazil;Brazil;4;2;Peru;quaterfinal;1970
Brazil;Brazil;3;2;Romania;group 3;1970
Brazil;Brazil;1;0;England;group 3;1970
Brazil;Brazil;4;1;Czechoslovakia;group 3;1970
Brazil;Brazil;1;3;Portugal;group 3;1966
Brazil;Brazil;1;3;Hungary;group 3;1966
Brazil;Brazil;2;0;Bulgaria;group 3;1966
Brazil;Brazil;3;1;Czechoslovakia;final;1962
Brazil;Brazil;4;2;Chile;semifinal;1962
Brazil;Brazil;3;1;England;quaterfinal;1962
Brazil;Brazil;2;1;Spain;group 3;1962
Brazil;Brazil;0;0;Czechoslovakia;group 3;1962
Brazil;Brazil;2;0;Mexico;group 3;1962
Brazil;Brazil;5;2;Sweden;final;1958
Brazil;Brazil;5;2;France;semifinal;1958
Brazil;Brazil;1;0;Wales;quaterfinal;1958
Brazil;Brazil;2;0;U.S.S.R.;group 4;1958
Brazil;Brazil;0;0;England;group 4;1958
Brazil;Austria;0;3;Brazil;group 4;1958
Brazil;Brazil;2;4;Hungary;quaterfinal;1954
Brazil;Brazil;1;1;Yugoslavia;group 1;1954
Brazil;Brazil;5;0;Mexico;group 1;1954
Brazil;Brazil;1;2;Uruguay;;1950
Brazil;Brazil;6;1;Spain;;1950
Brazil;Brazil;7;1;Sweden;;1950
Brazil;Brazil;2;0;Yugoslavia;group 1;1950
Brazil;Brazil;2;2;Switzerland;group 1;1950
Brazil;Brazil;4;0;Mexico;group 1;1950
Brazil;Brazil;4;2;Sweden;;1938
Brazil;Brazil;1;2;Italy;;1938
Brazil;Brazil;2;1;Czechoslovakia;;1938
Brazil;Brazil;1;1;Czechoslovakia;;1938
Brazil;Brazil;6;5;Poland;;1938
Brazil;Brazil;1;3;Spain;group 1;1934
Brazil;Bolivia;0;4;Brazil;group 2;1930
Brazil;Brazil;1;2;Yugoslavia;group 2;1930
Argentinia;Argentina;0;1;Germany;final;2014
Argentinia;Argentina;0;0;Netherlands;semifinal;2014
Argentinia;Argentina;1;0;Belgium;quaterfinal;2014
Argentinia;Argentina;1;0;Switzerland;round of 16 ;2014
Argentinia;Argentina;3;2;Nigeria;group F ;2014
Argentinia;Argentina;1;0;Iran;group F ;2014
Argentinia;Argentina;2;1;Bosnia and Herzegovina;group F ;2014
Argentinia;Argentina;0;4;Germany;quaterfinal;2010
Argentinia;Argentina;3;1;Mexico;round of 16 ;2010
Argentinia;Argentina;2;0;Greece;group B ;2010
Argentinia;Argentina;4;1;South Korea;group B ;2010
Argentinia;Argentina;1;0;Nigeria;group B ;2010
Argentinia;Argentina;1;1;Germany;quaterfinal;2006
Argentinia;Argentina;2;1;Mexico;round of 16 ;2006
Argentinia;Argentina;0;0;Netherlands;group C ;2006
Argentinia;Argentina;6;0;Serbia and Montenegro;group C ;2006
Argentinia;Argentina;2;1;C™te d'Ivoire;group C ;2006
Argentinia;Argentina;1;1;Sweden;group F ;2002
Argentinia;Argentina;0;1;England;group F ;2002
Argentinia;Argentina;1;0;Nigeria;group F ;2002
Argentinia;Argentina;1;2;Netherlands;quaterfinal;1998
Argentinia;Argentina;2;2;England;round of 16 ;1998
Argentinia;Argentina;1;0;Croatia;group H ;1998
Argentinia;Argentina;5;0;Jamaica;group H ;1998
Argentinia;Argentina;1;0;Japan;group H ;1998
Argentinia;Argentina;2;3;Romania;round of 16 ;1994
Argentinia;Argentina;0;2;Bulgaria;group D ;1994
Argentinia;Argentina;2;1;Nigeria;group D ;1994
Argentinia;Argentina;4;0;Greece;group D ;1994
Argentinia;Argentina;0;1;Germany;final;1990
Argentinia;Argentina;1;1;Italy;semifinal;1990
Argentinia;Argentina;0;0;Yugoslavia;quaterfinal;1990
Argentinia;Argentina;1;0;Brazil;round of 16 ;1990
Argentinia;Argentina;1;1;Romania;group B ;1990
Argentinia;Argentina;2;0;U.S.S.R.;group B ;1990
Argentinia;Argentina;0;1;Cameroon;group B ;1990
Argentinia;Argentina;3;2;Germany;final;1986
Argentinia;Argentina;2;0;Belgium;semifinal;1986
Argentinia;Argentina;2;1;England;quaterfinal;1986
Argentinia;Argentina;1;0;Uruguay;round of 16 ;1986
Argentinia;Argentina;2;0;Bulgaria;group A ;1986
Argentinia;Argentina;1;1;Italy;group A ;1986
Argentinia;Argentina;3;1;South Korea;group A ;1986
Argentinia;Argentina;1;3;Brazil;group C ;1982
Argentinia;Argentina;1;2;Italy;group C ;1982
Argentinia;Argentina;2;0;El Salvador;group 3;1982
Argentinia;Argentina;4;1;Hungary;group 3;1982
Argentinia;Argentina;0;1;Belgium;group 3;1982
Argentinia;Argentina;3;1;Netherlands;final;1978
Argentinia;Argentina;6;0;Peru;group B ;1978
Argentinia;Argentina;0;0;Brazil;group B ;1978
Argentinia;Argentina;2;0;Poland;group B ;1978
Argentinia;Argentina;0;1;Italy;group 1;1978
Argentinia;Argentina;2;1;France;group 1;1978
Argentinia;Argentina;2;1;Hungary;group 1;1978
Argentinia;Argentina;1;1;East Germany;group A ;1974
Argentinia;Argentina;1;2;Brazil;group A ;1974
Argentinia;Argentina;0;4;Netherlands;group A ;1974
Argentinia;Argentina;4;1;Haiti;;1974
Argentinia;Argentina;1;1;Italy;;1974
Argentinia;Argentina;2;3;Poland;;1974
Argentinia;Argentina;0;1;England;quaterfinal;1966
Argentinia;Argentina;2;0;Switzerland;group 2;1966
Argentinia;Argentina;0;0;Germany;group 2;1966
Argentinia;Argentina;2;1;Spain;group 2;1966
Argentinia;Argentina;0;0;Hungary;group 4;1962
Argentinia;Argentina;1;3;England;group 4;1962
Argentinia;Argentina;1;0;Bulgaria;group 4;1962
Argentinia;Argentina;1;6;Czechoslovakia;group 1;1958
Argentinia;Argentina;3;1;Northern Ireland;group 1;1958
Argentinia;Argentina;1;3;Germany;group 1;1958
Argentinia;Argentina;2;3;Sweden;group 1;1934
Argentinia;Argentina;2;4;Uruguay;final;1930
Argentinia;Argentina;6;1;United States;semifinal;1930
Argentinia;Argentina;3;1;Chile;group 1;1930
Argentinia;Argentina;6;3;Mexico;group 1;1930
Argentinia;Argentina;1;0;France;group 1;1930
Russia;Algeria;1;1;Russia;group H ;2014
Russia;Belgium;1;0;Russia;group H ;2014
Russia;Russia;1;1;South Korea;group H ;2014
Russia;Belgium;3;2;Russia;group H ;2002
Russia;Japan;1;0;Russia;group H ;2002
Russia;Russia;2;0;Tunisia;group H ;2002
Russia;Cameroon;1;6;Russia;group B ;1994
Russia;Russia;1;2;Sweden;group B ;1994
Russia;Brazil;2;0;Russia;group B ;1994
Spain;Australia;0;3;Spain;group B ;2014
Spain;Chile;2;0;Spain;group B ;2014
Spain;Netherlands;5;1;Spain;group B ;2014
Spain;Netherlands;0;1;Spain;final;2010
Spain;Germany;0;1;Spain;semifinal;2010
Spain;Paraguay;0;1;Spain;quaterfinal;2010
Spain;Portugal;0;1;Spain;round of 16 ;2010
Spain;Chile;1;2;Spain;group H ;2010
Spain;Honduras;0;2;Spain;group H ;2010
Spain;Spain;0;1;Switzerland;group H ;2010
Spain;France;3;1;Spain;round of 16 ;2006
Spain;Saudi Arabia;0;1;Spain;group H ;2006
Spain;Spain;3;1;Tunisia;group H ;2006
Spain;Spain;4;0;Ukraine;group H ;2006
Spain;South Korea;0;0;Spain;quaterfinal;2002
Spain;Republic of Ireland;1;1;Spain;round of 16 ;2002
Spain;South Africa;2;3;Spain;group B ;2002
Spain;Paraguay;1;3;Spain;group B ;2002
Spain;Slovenia;1;3;Spain;group B ;2002
Spain;Bulgaria;1;6;Spain;group D ;1998
Spain;Paraguay;0;0;Spain;group D ;1998
Spain;Nigeria;3;2;Spain;group D ;1998
Spain;Italy;2;1;Spain;quaterfinal;1994
Spain;Spain;3;0;Switzerland;round of 16 ;1994
Spain;Bolivia;1;3;Spain;group C ;1994
Spain;Germany;1;1;Spain;group C ;1994
Spain;South Korea;2;2;Spain;group C ;1994
Spain;Spain;1;2;Yugoslavia;round of 16 ;1990
Spain;Belgium;1;2;Spain;group E ;1990
Spain;South Korea;1;3;Spain;group E ;1990
Spain;Spain;0;0;Uruguay;group E ;1990
Spain;Belgium;1;1;Spain;quaterfinal;1986
Spain;Denmark;1;5;Spain;round of 16 ;1986
Spain;Algeria;0;3;Spain;group D ;1986
Spain;Northern Ireland;1;2;Spain;group D ;1986
Spain;Brazil;1;0;Spain;group D ;1986
Spain;England;0;0;Spain;group B ;1982
Spain;Germany;2;1;Spain;group B ;1982
Spain;Northern Ireland;1;0;Spain;group 5;1982
Spain;Spain;2;1;Yugoslavia;group 5;1982
Spain;Honduras;1;1;Spain;group 5;1982
Spain;Spain;1;0;Sweden;group 3;1978
Spain;Brazil;0;0;Spain;group 3;1978
Spain;Austria;2;1;Spain;group 3;1978
Spain;Germany;2;1;Spain;group 2;1966
Spain;Spain;2;1;Switzerland;group 2;1966
Spain;Argentina;2;1;Spain;group 2;1966
Spain;Brazil;2;1;Spain;group 3;1962
Spain;Mexico;0;1;Spain;group 3;1962
Spain;Czechoslovakia;1;0;Spain;group 3;1962
Spain;Spain;1;3;Sweden;;1950
Spain;Brazil;6;1;Spain;;1950
Spain;Spain;2;2;Uruguay;;1950
Spain;England;0;1;Spain;group 2;1950
Spain;Chile;0;2;Spain;group 2;1950
Spain;Spain;3;1;United States;group 2;1950
Spain;Italy;1;0;Spain;quaterfinal;1934
Spain;Italy;1;1;Spain;quaterfinal;1934
Spain;Brazil;1;3;Spain;group 1;1934
Saudi Arabia;Saudi Arabia;0;1;Spain;group H ;2006
Saudi Arabia;Saudi Arabia;0;4;Ukraine;group H ;2006
Saudi Arabia;Saudi Arabia;2;2;Tunisia;group H ;2006
Saudi Arabia;Republic of Ireland;3;0;Saudi Arabia;group E ;2002
Saudi Arabia;Cameroon;1;0;Saudi Arabia;group E ;2002
Saudi Arabia;Germany;8;0;Saudi Arabia;group E ;2002
Saudi Arabia;Saudi Arabia;2;2;South Africa;group C ;1998
Saudi Arabia;France;4;0;Saudi Arabia;group C ;1998
Saudi Arabia;Denmark;1;0;Saudi Arabia;group C ;1998
Saudi Arabia;Saudi Arabia;1;3;Sweden;round of 16 ;1994
Saudi Arabia;Belgium;0;1;Saudi Arabia;group F ;1994
Saudi Arabia;Morocco;1;2;Saudi Arabia;group F ;1994
Saudi Arabia;Netherlands;2;1;Saudi Arabia;group F ;1994
Egypt;Egypt;0;1;England;group F ;1990
Egypt;Egypt;0;0;Republic of Ireland;group F ;1990
Egypt;Egypt;1;1;Netherlands;group F ;1990
Egypt;Egypt;2;4;Hungary;group 1;1934
Portugal;Ghana;1;2;Portugal;group G ;2014
Portugal;Portugal;2;2;United States;group G ;2014
Portugal;Germany;4;0;Portugal;group G ;2014
Portugal;Portugal;0;1;Spain;round of 16 ;2010
Portugal;Brazil;0;0;Portugal;group G ;2010
Portugal;North Korea;0;7;Portugal;group G ;2010
Portugal;C™te d'Ivoire;0;0;Portugal;group G ;2010
Portugal;Germany;3;1;Portugal;3rd place;2006
Portugal;France;1;0;Portugal;semifinal;2006
Portugal;England;0;0;Portugal;quaterfinal;2006
Portugal;Netherlands;0;1;Portugal;round of 16 ;2006
Portugal;Mexico;1;2;Portugal;group D ;2006
Portugal;Iran;0;2;Portugal;group D ;2006
Portugal;Angola;0;1;Portugal;group D ;2006
Portugal;Portugal;0;1;South Korea;group D ;2002
Portugal;Poland;0;4;Portugal;group D ;2002
Portugal;Portugal;2;3;United States;group D ;2002
Portugal;Morocco;3;1;Portugal;group F ;1986
Portugal;Poland;1;0;Portugal;group F ;1986
Portugal;England;0;1;Portugal;group F ;1986
Portugal;Portugal;2;1;U.S.S.R.;3rd place;1966
Portugal;England;2;1;Portugal;semifinal;1966
Portugal;North Korea;3;5;Portugal;quaterfinal;1966
Portugal;Brazil;1;3;Portugal;group 3;1966
Portugal;Bulgaria;0;3;Portugal;group 3;1966
Portugal;Hungary;1;3;Portugal;group 3;1966
Uruguay;Colombia;2;0;Uruguay;round of 16 ;2014
Uruguay;Italy;0;1;Uruguay;group D ;2014
Uruguay;England;1;2;Uruguay;group D ;2014
Uruguay;Costa Rica;3;1;Uruguay;group D ;2014
Uruguay;Germany;3;2;Uruguay;3rd place;2010
Uruguay;Netherlands;3;2;Uruguay;semifinal;2010
Uruguay;Ghana;1;1;Uruguay;quaterfinal;2010
Uruguay;South Korea;1;2;Uruguay;round of 16 ;2010
Uruguay;Mexico;0;1;Uruguay;group A ;2010
Uruguay;South Africa;0;3;Uruguay;group A ;2010
Uruguay;France;0;0;Uruguay;group A ;2010
Uruguay;Senegal;3;3;Uruguay;group A ;2002
Uruguay;France;0;0;Uruguay;group A ;2002
Uruguay;Denmark;2;1;Uruguay;group A ;2002
Uruguay;Italy;2;0;Uruguay;round of 16 ;1990
Uruguay;South Korea;0;1;Uruguay;group E ;1990
Uruguay;Belgium;3;1;Uruguay;group E ;1990
Uruguay;Spain;0;0;Uruguay;group E ;1990
Uruguay;Argentina;1;0;Uruguay;round of 16 ;1986
Uruguay;Scotland;0;0;Uruguay;group E ;1986
Uruguay;Denmark;6;1;Uruguay;group E ;1986
Uruguay;Germany;1;1;Uruguay;group E ;1986
Uruguay;Sweden;3;0;Uruguay;;1974
Uruguay;Bulgaria;1;1;Uruguay;;1974
Uruguay;Netherlands;2;0;Uruguay;;1974
Uruguay;Germany;1;0;Uruguay;3rd place;1970
Uruguay;Brazil;3;1;Uruguay;semifinal;1970
Uruguay;U.S.S.R.;0;1;Uruguay;quaterfinal;1970
Uruguay;Sweden;1;0;Uruguay;group 2;1970
Uruguay;Italy;0;0;Uruguay;group 2;1970
Uruguay;Israel;0;2;Uruguay;group 2;1970
Uruguay;Germany;4;0;Uruguay;quaterfinal;1966
Uruguay;Mexico;0;0;Uruguay;group 1;1966
Uruguay;France;1;2;Uruguay;group 1;1966
Uruguay;England;0;0;Uruguay;group 1;1966
Uruguay;U.S.S.R.;2;1;Uruguay;group 1;1962
Uruguay;Uruguay;1;3;Yugoslavia;group 1;1962
Uruguay;Colombia;1;2;Uruguay;group 1;1962
Uruguay;Austria;3;1;Uruguay;3rd place;1954
Uruguay;Hungary;4;2;Uruguay;semifinal;1954
Uruguay;England;2;4;Uruguay;quaterfinal;1954
Uruguay;Scotland;0;7;Uruguay;group 3;1954
Uruguay;Czechoslovakia;0;2;Uruguay;group 3;1954
Uruguay;Brazil;1;2;Uruguay;;1950
Uruguay;Sweden;2;3;Uruguay;;1950
Uruguay;Spain;2;2;Uruguay;;1950
Uruguay;Bolivia;0;8;Uruguay;group 4;1950
Uruguay;Argentina;2;4;Uruguay;final;1930
Uruguay;Uruguay;6;1;Yugoslavia;semifinal;1930
Uruguay;Romania;0;4;Uruguay;group 3;1930
Uruguay;Peru;0;1;Uruguay;group 3;1930
Morocco;Morocco;3;0;Scotland;group A ;1998
Morocco;Brazil;3;0;Morocco;group A ;1998
Morocco;Morocco;2;2;Norway;group A ;1998
Morocco;Morocco;1;2;Netherlands;group F ;1994
Morocco;Morocco;1;2;Saudi Arabia;group F ;1994
Morocco;Belgium;1;0;Morocco;group F ;1994
Morocco;Germany;1;0;Morocco;round of 16 ;1986
Morocco;Morocco;3;1;Portugal;group F ;1986
Morocco;England;0;0;Morocco;group F ;1986
Morocco;Morocco;0;0;Poland;group F ;1986
Morocco;Bulgaria;1;1;Morocco;group 4;1970
Morocco;Morocco;0;3;Peru;group 4;1970
Morocco;Germany;2;1;Morocco;group 4;1970
Iran;Bosnia and Herzegovina;3;1;Iran;group F ;2014
Iran;Argentina;1;0;Iran;group F ;2014
Iran;Iran;0;0;Nigeria;group F ;2014
Iran;Angola;1;1;Iran;group D ;2006
Iran;Iran;0;2;Portugal;group D ;2006
Iran;Iran;1;3;Mexico;group D ;2006
Iran;Germany;2;0;Iran;group F ;1998
Iran;Iran;2;1;United States;group F ;1998
Iran;Iran;0;1;Yugoslavia;group F ;1998
Iran;Iran;1;4;Peru;group 4;1978
Iran;Iran;1;1;Scotland;group 4;1978
Iran;Iran;0;3;Netherlands;group 4;1978
France;France;0;1;Germany;quaterfinal;2014
France;France;2;0;Nigeria;round of 16 ;2014
France;Ecuador;0;0;France;group E ;2014
France;France;5;2;Switzerland;group E ;2014
France;France;3;0;Honduras;group E ;2014
France;France;1;2;South Africa;group A ;2010
France;France;0;2;Mexico;group A ;2010
France;France;0;0;Uruguay;group A ;2010
France;France;1;1;Italy;final;2006
France;France;1;0;Portugal;semifinal;2006
France;Brazil;0;1;France;quaterfinal;2006
France;France;3;1;Spain;round of 16 ;2006
France;France;2;0;Togo;group G ;2006
France;France;1;1;South Korea;group G ;2006
France;France;0;0;Switzerland;group G ;2006
France;Denmark;2;0;France;group A ;2002
France;France;0;0;Uruguay;group A ;2002
France;France;0;1;Senegal;group A ;2002
France;Brazil;0;3;France;final;1998
France;Croatia;1;2;France;semifinal;1998
France;France;0;0;Italy;quaterfinal;1998
France;France;1;0;Paraguay;round of 16 ;1998
France;Denmark;1;2;France;group C ;1998
France;France;4;0;Saudi Arabia;group C ;1998
France;France;3;0;South Africa;group C ;1998
France;Belgium;2;4;France;3rd place;1986
France;France;0;2;Germany;semifinal;1986
France;Brazil;1;1;France;quaterfinal;1986
France;France;2;0;Italy;round of 16 ;1986
France;France;3;0;Hungary;group C ;1986
France;France;1;1;U.S.S.R.;group C ;1986
France;Canada;0;1;France;group C ;1986
France;France;2;3;Poland;3rd place;1982
France;France;3;3;Germany;semifinal;1982
France;France;4;1;Northern Ireland;group D ;1982
France;Austria;0;1;France;group D ;1982
France;Czechoslovakia;1;1;France;group 4;1982
France;France;4;1;Kuwait;group 4;1982
France;England;3;1;France;group 4;1982
France;France;3;1;Hungary;group 1;1978
France;Argentina;2;1;France;group 1;1978
France;France;1;2;Italy;group 1;1978
France;England;2;0;France;group 1;1966
France;France;1;2;Uruguay;group 1;1966
France;France;1;1;Mexico;group 1;1966
France;France;6;3;Germany;3rd place;1958
France;Brazil;5;2;France;semifinal;1958
France;France;4;0;Northern Ireland;quaterfinal;1958
France;France;2;1;Scotland;group 2;1958
France;France;2;3;Yugoslavia;group 2;1958
France;France;7;3;Paraguay;group 2;1958
France;France;3;2;Mexico;group 1;1954
France;France;0;1;Yugoslavia;group 1;1954
France;France;1;3;Italy;;1938
France;Belgium;1;3;France;;1938
France;Austria;3;2;France;group 1;1934
France;Chile;1;0;France;group 1;1930
France;Argentina;1;0;France;group 1;1930
France;France;4;1;Mexico;group 1;1930
Australia;Australia;0;3;Spain;group B ;2014
Australia;Australia;2;3;Netherlands;group B ;2014
Australia;Australia;1;3;Chile;group B ;2014
Australia;Australia;2;1;Serbia;group D ;2010
Australia;Australia;1;1;Ghana;group D ;2010
Australia;Australia;0;4;Germany;group D ;2010
Australia;Australia;0;1;Italy;round of 16 ;2006
Australia;Australia;2;2;Croatia;group F ;2006
Australia;Australia;0;2;Brazil;group F ;2006
Australia;Australia;3;1;Japan;group F ;2006
Australia;Australia;0;0;Chile;;1974
Australia;Australia;0;3;Germany;;1974
Australia;Australia;0;2;East Germany;;1974
Peru;Peru;1;5;Poland;group 1;1982
Peru;Italy;1;1;Peru;group 1;1982
Peru;Cameroon;0;0;Peru;group 1;1982
Peru;Argentina;6;0;Peru;group B ;1978
Peru;Peru;0;1;Poland;group B ;1978
Peru;Brazil;3;0;Peru;group B ;1978
Peru;Iran;1;4;Peru;group 4;1978
Peru;Netherlands;0;0;Peru;group 4;1978
Peru;Peru;3;1;Scotland;group 4;1978
Peru;Brazil;4;2;Peru;quaterfinal;1970
Peru;Germany;3;1;Peru;group 4;1970
Peru;Morocco;0;3;Peru;group 4;1970
Peru;Bulgaria;2;3;Peru;group 4;1970
Peru;Peru;0;1;Uruguay;group 3;1930
Peru;Peru;1;3;Romania;group 3;1930
Denmark;Denmark;1;3;Japan;group E ;2010
Denmark;Cameroon;1;2;Denmark;group E ;2010
Denmark;Denmark;0;2;Netherlands;group E ;2010
Denmark;Denmark;0;3;England;round of 16 ;2002
Denmark;Denmark;2;0;France;group A ;2002
Denmark;Denmark;1;1;Senegal;group A ;2002
Denmark;Denmark;2;1;Uruguay;group A ;2002
Denmark;Brazil;3;2;Denmark;quaterfinal;1998
Denmark;Denmark;4;1;Nigeria;round of 16 ;1998
Denmark;Denmark;1;2;France;group C ;1998
Denmark;Denmark;1;1;South Africa;group C ;1998
Denmark;Denmark;1;0;Saudi Arabia;group C ;1998
Denmark;Denmark;1;5;Spain;round of 16 ;1986
Denmark;Denmark;2;0;Germany;group E ;1986
Denmark;Denmark;6;1;Uruguay;group E ;1986
Denmark;Denmark;1;0;Scotland;group E ;1986
Croatia;Croatia;1;3;Mexico;group A ;2014
Croatia;Cameroon;0;4;Croatia;group A ;2014
Croatia;Brazil;3;1;Croatia;group A ;2014
Croatia;Australia;2;2;Croatia;group F ;2006
Croatia;Croatia;0;0;Japan;group F ;2006
Croatia;Brazil;1;0;Croatia;group F ;2006
Croatia;Croatia;0;1;Ecuador;group G ;2002
Croatia;Croatia;2;1;Italy;group G ;2002
Croatia;Croatia;0;1;Mexico;group G ;2002
Croatia;Croatia;2;1;Netherlands;3rd place;1998
Croatia;Croatia;1;2;France;semifinal;1998
Croatia;Croatia;3;0;Germany;quaterfinal;1998
Croatia;Croatia;1;0;Romania;round of 16 ;1998
Croatia;Argentina;1;0;Croatia;group H ;1998
Croatia;Croatia;1;0;Japan;group H ;1998
Croatia;Croatia;3;1;Jamaica;group H ;1998
Nigeria;France;2;0;Nigeria;round of 16 ;2014
Nigeria;Argentina;3;2;Nigeria;group F ;2014
Nigeria;Bosnia and Herzegovina;0;1;Nigeria;group F ;2014
Nigeria;Iran;0;0;Nigeria;group F ;2014
Nigeria;Nigeria;2;2;South Korea;group B ;2010
Nigeria;Greece;2;1;Nigeria;group B ;2010
Nigeria;Argentina;1;0;Nigeria;group B ;2010
Nigeria;England;0;0;Nigeria;group F ;2002
Nigeria;Nigeria;1;2;Sweden;group F ;2002
Nigeria;Argentina;1;0;Nigeria;group F ;2002
Nigeria;Denmark;4;1;Nigeria;round of 16 ;1998
Nigeria;Nigeria;1;3;Paraguay;group D ;1998
Nigeria;Bulgaria;0;1;Nigeria;group D ;1998
Nigeria;Nigeria;3;2;Spain;group D ;1998
Nigeria;Italy;2;1;Nigeria;round of 16 ;1994
Nigeria;Greece;0;2;Nigeria;group D ;1994
Nigeria;Argentina;2;1;Nigeria;group D ;1994
Nigeria;Bulgaria;0;3;Nigeria;group D ;1994
Costa Rica;Costa Rica;0;0;Netherlands;quaterfinal;2014
Costa Rica;Costa Rica;1;1;Greece;round of 16 ;2014
Costa Rica;Costa Rica;0;0;England;group D ;2014
Costa Rica;Costa Rica;1;0;Italy;group D ;2014
Costa Rica;Costa Rica;3;1;Uruguay;group D ;2014
Costa Rica;Costa Rica;1;2;Poland;group A ;2006
Costa Rica;Costa Rica;0;3;Ecuador;group A ;2006
Costa Rica;Costa Rica;2;4;Germany;group A ;2006
Costa Rica;Brazil;5;2;Costa Rica;group C ;2002
Costa Rica;Costa Rica;1;1;Turkey;group C ;2002
Costa Rica;China;0;2;Costa Rica;group C ;2002
Costa Rica;Costa Rica;1;4;Czechoslovakia;round of 16 ;1990
Costa Rica;Costa Rica;2;1;Sweden;group C ;1990
Costa Rica;Brazil;1;0;Costa Rica;group C ;1990
Costa Rica;Costa Rica;1;0;Scotland;group C ;1990
Switzerland;Argentina;1;0;Switzerland;round of 16 ;2014
Switzerland;Honduras;0;3;Switzerland;group E ;2014
Switzerland;France;5;2;Switzerland;group E ;2014
Switzerland;Ecuador;1;2;Switzerland;group E ;2014
Switzerland;Honduras;0;0;Switzerland;group H ;2010
Switzerland;Chile;1;0;Switzerland;group H ;2010
Switzerland;Spain;0;1;Switzerland;group H ;2010
Switzerland;Switzerland;0;0;Ukraine;round of 16 ;2006
Switzerland;South Korea;0;2;Switzerland;group G ;2006
Switzerland;Switzerland;2;0;Togo;group G ;2006
Switzerland;France;0;0;Switzerland;group G ;2006
Switzerland;Spain;3;0;Switzerland;round of 16 ;1994
Switzerland;Colombia;2;0;Switzerland;group A ;1994
Switzerland;Romania;1;4;Switzerland;group A ;1994
Switzerland;Switzerland;1;1;United States;group A ;1994
Switzerland;Argentina;2;0;Switzerland;group 2;1966
Switzerland;Spain;2;1;Switzerland;group 2;1966
Switzerland;Germany;5;0;Switzerland;group 2;1966
Switzerland;Italy;3;0;Switzerland;group 2;1962
Switzerland;Germany;2;1;Switzerland;group 2;1962
Switzerland;Chile;3;1;Switzerland;group 2;1962
Switzerland;Austria;7;5;Switzerland;quaterfinal;1954
Switzerland;Italy;1;4;Switzerland;group 4;1954
Switzerland;England;2;0;Switzerland;group 4;1954
Switzerland;Italy;1;2;Switzerland;group 4;1954
Switzerland;Mexico;1;2;Switzerland;group 1;1950
Switzerland;Brazil;2;2;Switzerland;group 1;1950
Switzerland;Switzerland;0;3;Yugoslavia;group 1;1950
Switzerland;Hungary;2;0;Switzerland;;1938
Switzerland;Germany;2;4;Switzerland;;1938
Switzerland;Germany;1;1;Switzerland;;1938
Switzerland;Czechoslovakia;3;2;Switzerland;quaterfinal;1934
Switzerland;Netherlands;2;3;Switzerland;group 1;1934
Serbia;Australia;2;1;Serbia;group D ;2010
Serbia;Germany;0;1;Serbia;group D ;2010
Serbia;Ghana;1;0;Serbia;group D ;2010
Germany;Argentina;0;1;Germany;final;2014
Germany;Brazil;1;7;Germany;semifinal;2014
Germany;France;0;1;Germany;quaterfinal;2014
Germany;Algeria;1;2;Germany;round of 16 ;2014
Germany;Germany;1;0;United States;group G ;2014
Germany;Germany;2;2;Ghana;group G ;2014
Germany;Germany;4;0;Portugal;group G ;2014
Germany;Germany;3;2;Uruguay;3rd place;2010
Germany;Germany;0;1;Spain;semifinal;2010
Germany;Argentina;0;4;Germany;quaterfinal;2010
Germany;England;1;4;Germany;round of 16 ;2010
Germany;Germany;1;0;Ghana;group D ;2010
Germany;Germany;0;1;Serbia;group D ;2010
Germany;Australia;0;4;Germany;group D ;2010
Germany;Germany;3;1;Portugal;3rd place;2006
Germany;Germany;0;2;Italy;semifinal;2006
Germany;Argentina;1;1;Germany;quaterfinal;2006
Germany;Germany;2;0;Sweden;round of 16 ;2006
Germany;Ecuador;0;3;Germany;group A ;2006
Germany;Germany;1;0;Poland;group A ;2006
Germany;Costa Rica;2;4;Germany;group A ;2006
Germany;Brazil;2;0;Germany;final;2002
Germany;Germany;1;0;South Korea;semifinal;2002
Germany;Germany;1;0;United States;quaterfinal;2002
Germany;Germany;1;0;Paraguay;round of 16 ;2002
Germany;Cameroon;0;2;Germany;group E ;2002
Germany;Germany;1;1;Republic of Ireland;group E ;2002
Germany;Germany;8;0;Saudi Arabia;group E ;2002
Germany;Croatia;3;0;Germany;quaterfinal;1998
Germany;Germany;2;1;Mexico;round of 16 ;1998
Germany;Germany;2;0;Iran;group F ;1998
Germany;Germany;2;2;Yugoslavia;group F ;1998
Germany;Germany;2;0;United States;group F ;1998
Germany;Bulgaria;2;1;Germany;quaterfinal;1994
Germany;Belgium;2;3;Germany;round of 16 ;1994
Germany;Germany;3;2;South Korea;group C ;1994
Germany;Germany;1;1;Spain;group C ;1994
Germany;Bolivia;0;1;Germany;group C ;1994
Germany;Argentina;0;1;Germany;final;1990
Germany;England;1;1;Germany;semifinal;1990
Germany;Czechoslovakia;0;1;Germany;quaterfinal;1990
Germany;Germany;2;1;Netherlands;round of 16 ;1990
Germany;Colombia;1;1;Germany;group D ;1990
Germany;Germany;5;1;United Arab Emirates;group D ;1990
Germany;Germany;4;1;Yugoslavia;group D ;1990
Germany;Argentina;3;2;Germany;final;1986
Germany;France;0;2;Germany;semifinal;1986
Germany;Germany;0;0;Mexico;quaterfinal;1986
Germany;Germany;1;0;Morocco;round of 16 ;1986
Germany;Denmark;2;0;Germany;group E ;1986
Germany;Germany;2;1;Scotland;group E ;1986
Germany;Germany;1;1;Uruguay;group E ;1986
Germany;Germany;1;3;Italy;final;1982
Germany;France;3;3;Germany;semifinal;1982
Germany;Germany;2;1;Spain;group B ;1982
Germany;England;0;0;Germany;group B ;1982
Germany;Austria;0;1;Germany;group 2;1982
Germany;Chile;1;4;Germany;group 2;1982
Germany;Algeria;2;1;Germany;group 2;1982
Germany;Austria;3;2;Germany;group A ;1978
Germany;Germany;2;2;Netherlands;group A ;1978
Germany;Germany;0;0;Italy;group A ;1978
Germany;Germany;0;0;Tunisia;group 2;1978
Germany;Germany;6;0;Mexico;group 2;1978
Germany;Germany;0;0;Poland;group 2;1978
Germany;Germany;2;1;Netherlands;final;1974
Germany;Germany;1;0;Poland;group B ;1974
Germany;Germany;4;2;Sweden;group B ;1974
Germany;Germany;2;0;Yugoslavia;group B ;1974
Germany;East Germany;1;0;Germany;;1974
Germany;Australia;0;3;Germany;;1974
Germany;Chile;0;1;Germany;;1974
Germany;Germany;1;0;Uruguay;3rd place;1970
Germany;Germany;3;4;Italy;semifinal;1970
Germany;England;2;3;Germany;quaterfinal;1970
Germany;Germany;3;1;Peru;group 4;1970
Germany;Bulgaria;2;5;Germany;group 4;1970
Germany;Germany;2;1;Morocco;group 4;1970
Germany;England;4;2;Germany;final;1966
Germany;Germany;2;1;U.S.S.R.;semifinal;1966
Germany;Germany;4;0;Uruguay;quaterfinal;1966
Germany;Germany;2;1;Spain;group 2;1966
Germany;Argentina;0;0;Germany;group 2;1966
Germany;Germany;5;0;Switzerland;group 2;1966
Germany;Germany;0;1;Yugoslavia;quaterfinal;1962
Germany;Chile;0;2;Germany;group 2;1962
Germany;Germany;2;1;Switzerland;group 2;1962
Germany;Germany;0;0;Italy;group 2;1962
Germany;France;6;3;Germany;3rd place;1958
Germany;Germany;1;3;Sweden;semifinal;1958
Germany;Germany;1;0;Yugoslavia;quaterfinal;1958
Germany;Germany;2;2;Northern Ireland;group 1;1958
Germany;Czechoslovakia;2;2;Germany;group 1;1958
Germany;Argentina;1;3;Germany;group 1;1958
Germany;Germany;3;2;Hungary;final;1954
Germany;Austria;1;6;Germany;semifinal;1954
Germany;Germany;2;0;Yugoslavia;quaterfinal;1954
Germany;Germany;7;2;Turkey;group 2;1954
Germany;Germany;3;8;Hungary;group 2;1954
Germany;Germany;4;1;Turkey;group 2;1954
Germany;Germany;2;4;Switzerland;;1938
Germany;Germany;1;1;Switzerland;;1938
Germany;Austria;2;3;Germany;3rd place;1934
Germany;Czechoslovakia;3;1;Germany;semifinal;1934
Germany;Germany;2;1;Sweden;quaterfinal;1934
Germany;Belgium;2;5;Germany;group 1;1934
Mexico;Mexico;1;2;Netherlands;round of 16 ;2014
Mexico;Croatia;1;3;Mexico;group A ;2014
Mexico;Brazil;0;0;Mexico;group A ;2014
Mexico;Cameroon;0;1;Mexico;group A ;2014
Mexico;Argentina;3;1;Mexico;round of 16 ;2010
Mexico;Mexico;0;1;Uruguay;group A ;2010
Mexico;France;0;2;Mexico;group A ;2010
Mexico;Mexico;1;1;South Africa;group A ;2010
Mexico;Argentina;2;1;Mexico;round of 16 ;2006
Mexico;Mexico;1;2;Portugal;group D ;2006
Mexico;Angola;0;0;Mexico;group D ;2006
Mexico;Iran;1;3;Mexico;group D ;2006
Mexico;Mexico;0;2;United States;round of 16 ;2002
Mexico;Italy;1;1;Mexico;group G ;2002
Mexico;Ecuador;1;2;Mexico;group G ;2002
Mexico;Croatia;0;1;Mexico;group G ;2002
Mexico;Germany;2;1;Mexico;round of 16 ;1998
Mexico;Mexico;2;2;Netherlands;group E ;1998
Mexico;Belgium;2;2;Mexico;group E ;1998
Mexico;Mexico;3;1;South Korea;group E ;1998
Mexico;Bulgaria;1;1;Mexico;round of 16 ;1994
Mexico;Italy;1;1;Mexico;group E ;1994
Mexico;Republic of Ireland;1;2;Mexico;group E ;1994
Mexico;Mexico;0;1;Norway;group E ;1994
Mexico;Germany;0;0;Mexico;quaterfinal;1986
Mexico;Bulgaria;0;2;Mexico;round of 16 ;1986
Mexico;Iraq;0;1;Mexico;group B ;1986
Mexico;Mexico;1;1;Paraguay;group B ;1986
Mexico;Belgium;1;2;Mexico;group B ;1986
Mexico;Mexico;1;3;Poland;group 2;1978
Mexico;Germany;6;0;Mexico;group 2;1978
Mexico;Mexico;1;3;Tunisia;group 2;1978
Mexico;Italy;4;1;Mexico;quaterfinal;1970
Mexico;Belgium;0;1;Mexico;group 1;1970
Mexico;El Salvador;0;4;Mexico;group 1;1970
Mexico;Mexico;0;0;U.S.S.R.;group 1;1970
Mexico;Mexico;0;0;Uruguay;group 1;1966
Mexico;England;2;0;Mexico;group 1;1966
Mexico;France;1;1;Mexico;group 1;1966
Mexico;Czechoslovakia;1;3;Mexico;group 3;1962
Mexico;Mexico;0;1;Spain;group 3;1962
Mexico;Brazil;2;0;Mexico;group 3;1962
Mexico;Hungary;4;0;Mexico;group 3;1958
Mexico;Mexico;1;1;Wales;group 3;1958
Mexico;Mexico;0;3;Sweden;group 3;1958
Mexico;France;3;2;Mexico;group 1;1954
Mexico;Brazil;5;0;Mexico;group 1;1954
Mexico;Mexico;1;2;Switzerland;group 1;1950
Mexico;Mexico;1;4;Yugoslavia;;1950
Mexico;Mexico;1;4;Yugoslavia;group 1;1950
Mexico;Brazil;4;0;Mexico;group 1;1950
Mexico;Argentina;6;3;Mexico;group 1;1930
Mexico;Chile;3;0;Mexico;group 1;1930
Mexico;France;4;1;Mexico;group 1;1930
Sweden;Germany;2;0;Sweden;round of 16 ;2006
Sweden;England;2;2;Sweden;group B ;2006
Sweden;Paraguay;0;1;Sweden;group B ;2006
Sweden;Sweden;0;0;Trinidad and Tobago;group B ;2006
Sweden;Senegal;2;1;Sweden;round of 16 ;2002
Sweden;Argentina;1;1;Sweden;group F ;2002
Sweden;Nigeria;1;2;Sweden;group F ;2002
Sweden;England;1;1;Sweden;group F ;2002
Sweden;Bulgaria;0;4;Sweden;3rd place;1994
Sweden;Brazil;1;0;Sweden;semifinal;1994
Sweden;Romania;2;2;Sweden;quaterfinal;1994
Sweden;Saudi Arabia;1;3;Sweden;round of 16 ;1994
Sweden;Brazil;1;1;Sweden;group B ;1994
Sweden;Russia;1;2;Sweden;group B ;1994
Sweden;Cameroon;2;2;Sweden;group B ;1994
Sweden;Costa Rica;2;1;Sweden;group C ;1990
Sweden;Scotland;2;1;Sweden;group C ;1990
Sweden;Brazil;2;1;Sweden;group C ;1990
Sweden;Spain;1;0;Sweden;group 3;1978
Sweden;Austria;1;0;Sweden;group 3;1978
Sweden;Brazil;1;1;Sweden;group 3;1978
Sweden;Sweden;2;1;Yugoslavia;group B ;1974
Sweden;Germany;4;2;Sweden;group B ;1974
Sweden;Poland;1;0;Sweden;group B ;1974
Sweden;Sweden;3;0;Uruguay;;1974
Sweden;Netherlands;0;0;Sweden;;1974
Sweden;Bulgaria;0;0;Sweden;;1974
Sweden;Sweden;1;0;Uruguay;group 2;1970
Sweden;Israel;1;1;Sweden;group 2;1970
Sweden;Italy;1;0;Sweden;group 2;1970
Sweden;Brazil;5;2;Sweden;final;1958
Sweden;Germany;1;3;Sweden;semifinal;1958
Sweden;Sweden;2;0;U.S.S.R.;quaterfinal;1958
Sweden;Sweden;0;0;Wales;group 3;1958
Sweden;Hungary;1;2;Sweden;group 3;1958
Sweden;Mexico;0;3;Sweden;group 3;1958
Sweden;Spain;1;3;Sweden;;1950
Sweden;Sweden;2;3;Uruguay;;1950
Sweden;Brazil;7;1;Sweden;;1950
Sweden;Paraguay;2;2;Sweden;group 3;1950
Sweden;Italy;2;3;Sweden;group 3;1950
Sweden;Brazil;4;2;Sweden;;1938
Sweden;Hungary;5;1;Sweden;;1938
Sweden;Cuba;0;8;Sweden;;1938
Sweden;Germany;2;1;Sweden;quaterfinal;1934
Sweden;Argentina;2;3;Sweden;group 1;1934
South Korea;Belgium;1;0;South Korea;group H ;2014
South Korea;Algeria;4;2;South Korea;group H ;2014
South Korea;Russia;1;1;South Korea;group H ;2014
South Korea;South Korea;1;2;Uruguay;round of 16 ;2010
South Korea;Nigeria;2;2;South Korea;group B ;2010
South Korea;Argentina;4;1;South Korea;group B ;2010
South Korea;Greece;0;2;South Korea;group B ;2010
South Korea;South Korea;0;2;Switzerland;group G ;2006
South Korea;France;1;1;South Korea;group G ;2006
South Korea;South Korea;2;1;Togo;group G ;2006
South Korea;South Korea;2;3;Turkey;3rd place;2002
South Korea;Germany;1;0;South Korea;semifinal;2002
South Korea;South Korea;0;0;Spain;quaterfinal;2002
South Korea;Italy;1;2;South Korea;round of 16 ;2002
South Korea;Portugal;0;1;South Korea;group D ;2002
South Korea;South Korea;1;1;United States;group D ;2002
South Korea;Poland;0;2;South Korea;group D ;2002
South Korea;Belgium;1;1;South Korea;group E ;1998
South Korea;Netherlands;5;0;South Korea;group E ;1998
South Korea;Mexico;3;1;South Korea;group E ;1998
South Korea;Germany;3;2;South Korea;group C ;1994
South Korea;Bolivia;0;0;South Korea;group C ;1994
South Korea;South Korea;2;2;Spain;group C ;1994
South Korea;South Korea;0;1;Uruguay;group E ;1990
South Korea;South Korea;1;3;Spain;group E ;1990
South Korea;Belgium;2;0;South Korea;group E ;1990
South Korea;Italy;3;2;South Korea;group A ;1986
South Korea;Bulgaria;1;1;South Korea;group A ;1986
South Korea;Argentina;3;1;South Korea;group A ;1986
South Korea;South Korea;0;7;Turkey;group 2;1954
South Korea;Hungary;9;0;South Korea;group 2;1954
Belgium;Argentina;1;0;Belgium;quaterfinal;2014
Belgium;Belgium;2;1;United States;round of 16 ;2014
Belgium;Belgium;1;0;South Korea;group H ;2014
Belgium;Belgium;1;0;Russia;group H ;2014
Belgium;Algeria;1;2;Belgium;group H ;2014
Belgium;Belgium;0;2;Brazil;round of 16 ;2002
Belgium;Belgium;3;2;Russia;group H ;2002
Belgium;Belgium;1;1;Tunisia;group H ;2002
Belgium;Belgium;2;2;Japan;group H ;2002
Belgium;Belgium;1;1;South Korea;group E ;1998
Belgium;Belgium;2;2;Mexico;group E ;1998
Belgium;Belgium;0;0;Netherlands;group E ;1998
Belgium;Belgium;2;3;Germany;round of 16 ;1994
Belgium;Belgium;0;1;Saudi Arabia;group F ;1994
Belgium;Belgium;1;0;Netherlands;group F ;1994
Belgium;Belgium;1;0;Morocco;group F ;1994
Belgium;Belgium;0;1;England;round of 16 ;1990
Belgium;Belgium;1;2;Spain;group E ;1990
Belgium;Belgium;3;1;Uruguay;group E ;1990
Belgium;Belgium;2;0;South Korea;group E ;1990
Belgium;Belgium;2;4;France;3rd place;1986
Belgium;Argentina;2;0;Belgium;semifinal;1986
Belgium;Belgium;1;1;Spain;quaterfinal;1986
Belgium;Belgium;4;3;U.S.S.R.;round of 16 ;1986
Belgium;Belgium;2;2;Paraguay;group B ;1986
Belgium;Belgium;2;1;Iraq;group B ;1986
Belgium;Belgium;1;2;Mexico;group B ;1986
Belgium;Belgium;0;1;U.S.S.R.;group A ;1982
Belgium;Belgium;0;3;Poland;group A ;1982
Belgium;Belgium;1;1;Hungary;group 3;1982
Belgium;Belgium;1;0;El Salvador;group 3;1982
Belgium;Argentina;0;1;Belgium;group 3;1982
Belgium;Belgium;0;1;Mexico;group 1;1970
Belgium;Belgium;1;4;U.S.S.R.;group 1;1970
Belgium;Belgium;3;0;El Salvador;group 1;1970
Belgium;Belgium;1;4;Italy;group 4;1954
Belgium;Belgium;4;4;England;group 4;1954
Belgium;Belgium;1;3;France;;1938
Belgium;Belgium;2;5;Germany;group 1;1934
Belgium;Belgium;0;1;Paraguay;group 4;1930
Belgium;Belgium;0;3;United States;group 4;1930
Tunisia;Tunisia;0;1;Ukraine;group H ;2006
Tunisia;Spain;3;1;Tunisia;group H ;2006
Tunisia;Saudi Arabia;2;2;Tunisia;group H ;2006
Tunisia;Japan;2;0;Tunisia;group H ;2002
Tunisia;Belgium;1;1;Tunisia;group H ;2002
Tunisia;Russia;2;0;Tunisia;group H ;2002
Tunisia;Romania;1;1;Tunisia;group G ;1998
Tunisia;Colombia;1;0;Tunisia;group G ;1998
Tunisia;England;2;0;Tunisia;group G ;1998
Tunisia;Germany;0;0;Tunisia;group 2;1978
Tunisia;Poland;1;0;Tunisia;group 2;1978
Tunisia;Mexico;1;3;Tunisia;group 2;1978
England;Costa Rica;0;0;England;group D ;2014
England;England;1;2;Uruguay;group D ;2014
England;England;1;2;Italy;group D ;2014
England;England;1;4;Germany;round of 16 ;2010
England;England;1;0;Slovenia;group C ;2010
England;Algeria;0;0;England;group C ;2010
England;England;1;1;United States;group C ;2010
England;England;0;0;Portugal;quaterfinal;2006
England;Ecuador;0;1;England;round of 16 ;2006
England;England;2;2;Sweden;group B ;2006
England;England;2;0;Trinidad and Tobago;group B ;2006
England;England;1;0;Paraguay;group B ;2006
England;Brazil;2;1;England;quaterfinal;2002
England;Denmark;0;3;England;round of 16 ;2002
England;England;0;0;Nigeria;group F ;2002
England;Argentina;0;1;England;group F ;2002
England;England;1;1;Sweden;group F ;2002
England;Argentina;2;2;England;round of 16 ;1998
England;Colombia;2;0;England;group G ;1998
England;England;1;2;Romania;group G ;1998
England;England;2;0;Tunisia;group G ;1998
England;England;1;2;Italy;3rd place;1990
England;England;1;1;Germany;semifinal;1990
England;Cameroon;2;3;England;quaterfinal;1990
England;Belgium;0;1;England;round of 16 ;1990
England;Egypt;0;1;England;group F ;1990
England;England;0;0;Netherlands;group F ;1990
England;England;1;1;Republic of Ireland;group F ;1990
England;Argentina;2;1;England;quaterfinal;1986
England;England;3;0;Paraguay;round of 16 ;1986
England;England;3;0;Poland;group F ;1986
England;England;0;0;Morocco;group F ;1986
England;England;0;1;Portugal;group F ;1986
England;England;0;0;Spain;group B ;1982
England;England;0;0;Germany;group B ;1982
England;England;1;0;Kuwait;group 4;1982
England;Czechoslovakia;0;2;England;group 4;1982
England;England;3;1;France;group 4;1982
England;England;2;3;Germany;quaterfinal;1970
England;Czechoslovakia;0;1;England;group 3;1970
England;Brazil;1;0;England;group 3;1970
England;England;1;0;Romania;group 3;1970
England;England;4;2;Germany;final;1966
England;England;2;1;Portugal;semifinal;1966
England;Argentina;0;1;England;quaterfinal;1966
England;England;2;0;France;group 1;1966
England;England;2;0;Mexico;group 1;1966
England;England;0;0;Uruguay;group 1;1966
England;Brazil;3;1;England;quaterfinal;1962
England;Bulgaria;0;0;England;group 4;1962
England;Argentina;1;3;England;group 4;1962
England;England;1;2;Hungary;group 4;1962
England;England;0;1;U.S.S.R.;group 4;1958
England;Austria;2;2;England;group 4;1958
England;Brazil;0;0;England;group 4;1958
England;England;2;2;U.S.S.R.;group 4;1958
England;England;2;4;Uruguay;quaterfinal;1954
England;England;2;0;Switzerland;group 4;1954
England;Belgium;4;4;England;group 4;1954
England;England;0;1;Spain;group 2;1950
England;England;0;1;United States;group 2;1950
England;Chile;0;2;England;group 2;1950
Senegal;Senegal;0;1;Turkey;quaterfinal;2002
Senegal;Senegal;2;1;Sweden;round of 16 ;2002
Senegal;Senegal;3;3;Uruguay;group A ;2002
Senegal;Denmark;1;1;Senegal;group A ;2002
Senegal;France;0;1;Senegal;group A ;2002
Poland;Costa Rica;1;2;Poland;group A ;2006
Poland;Germany;1;0;Poland;group A ;2006
Poland;Ecuador;2;0;Poland;group A ;2006
Poland;Poland;3;1;United States;group D ;2002
Poland;Poland;0;4;Portugal;group D ;2002
Poland;Poland;0;2;South Korea;group D ;2002
Poland;Brazil;4;0;Poland;round of 16 ;1986
Poland;England;3;0;Poland;group F ;1986
Poland;Poland;1;0;Portugal;group F ;1986
Poland;Morocco;0;0;Poland;group F ;1986
Poland;France;2;3;Poland;3rd place;1982
Poland;Italy;2;0;Poland;semifinal;1982
Poland;Poland;0;0;U.S.S.R.;group A ;1982
Poland;Belgium;0;3;Poland;group A ;1982
Poland;Peru;1;5;Poland;group 1;1982
Poland;Cameroon;0;0;Poland;group 1;1982
Poland;Italy;0;0;Poland;group 1;1982
Poland;Brazil;3;1;Poland;group B ;1978
Poland;Peru;0;1;Poland;group B ;1978
Poland;Argentina;2;0;Poland;group B ;1978
Poland;Mexico;1;3;Poland;group 2;1978
Poland;Poland;1;0;Tunisia;group 2;1978
Poland;Germany;0;0;Poland;group 2;1978
Poland;Brazil;0;1;Poland;;1974
Poland;Germany;1;0;Poland;group B ;1974
Poland;Poland;2;1;Yugoslavia;group B ;1974
Poland;Poland;1;0;Sweden;group B ;1974
Poland;Italy;1;2;Poland;;1974
Poland;Haiti;0;7;Poland;;1974
Poland;Argentina;2;3;Poland;;1974
Poland;Brazil;6;5;Poland;;1938
Colombia;Brazil;2;1;Colombia;quaterfinal;2014
Colombia;Colombia;2;0;Uruguay;round of 16 ;2014
Colombia;Colombia;4;1;Japan;group C ;2014
Colombia;Colombia;2;1;C™te d'Ivoire;group C ;2014
Colombia;Colombia;3;0;Greece;group C ;2014
Colombia;Colombia;2;0;England;group G ;1998
Colombia;Colombia;1;0;Tunisia;group G ;1998
Colombia;Colombia;0;1;Romania;group G ;1998
Colombia;Colombia;2;0;Switzerland;group A ;1994
Colombia;Colombia;1;2;United States;group A ;1994
Colombia;Colombia;1;3;Romania;group A ;1994
Colombia;Cameroon;2;1;Colombia;round of 16 ;1990
Colombia;Colombia;1;1;Germany;group D ;1990
Colombia;Colombia;0;1;Yugoslavia;group D ;1990
Colombia;Colombia;2;0;United Arab Emirates;group D ;1990
Colombia;Colombia;0;5;Yugoslavia;group 1;1962
Colombia;Colombia;4;4;U.S.S.R.;group 1;1962
Colombia;Colombia;1;2;Uruguay;group 1;1962
Japan;Colombia;4;1;Japan;group C ;2014
Japan;Greece;0;0;Japan;group C ;2014
Japan;C™te d'Ivoire;2;1;Japan;group C ;2014
Japan;Japan;0;0;Paraguay;round of 16 ;2010
Japan;Denmark;1;3;Japan;group E ;2010
Japan;Japan;0;1;Netherlands;group E ;2010
Japan;Cameroon;0;1;Japan;group E ;2010
Japan;Brazil;4;1;Japan;group F ;2006
Japan;Croatia;0;0;Japan;group F ;2006
Japan;Australia;3;1;Japan;group F ;2006
Japan;Japan;0;1;Turkey;round of 16 ;2002
Japan;Japan;2;0;Tunisia;group H ;2002
Japan;Japan;1;0;Russia;group H ;2002
Japan;Belgium;2;2;Japan;group H ;2002
Japan;Jamaica;2;1;Japan;group H ;1998
Japan;Croatia;1;0;Japan;group H ;1998
Japan;Argentina;1;0;Japan;group H ;1998